MapSize,AVG(Dijkstra_Time),MIN(Dijkstra_Time),MAX(Dijkstra_Time),DEV_MIN(Dijkstra_Time),DEV_MAX(Dijkstra_Time),AVG(BiDirDijkstra_Time),MIN(BiDirDijkstra_Time),MAX(BiDirDijkstra_Time),DEV_MIN(BiDirDijkstra_Time),DEV_MAX(BiDirDijkstra_Time),AVG(Astar_Time),MIN(Astar_Time),MAX(Astar_Time),DEV_MIN(Astar_Time),DEV_MAX(Astar_Time),AVG(BiDirAstar_Time),MIN(BiDirAstar_Time),MAX(BiDirAstar_Time),DEV_MIN(BiDirAstar_Time),DEV_MAX(BiDirAstar_Time),AVG(JumpPointSearch_Time),MIN(JumpPointSearch_Time),MAX(JumpPointSearch_Time),DEV_MIN(JumpPointSearch_Time),DEV_MAX(JumpPointSearch_Time),AVG(BiDirJPS_Time),MIN(BiDirJPS_Time),MAX(BiDirJPS_Time),DEV_MIN(BiDirJPS_Time),DEV_MAX(BiDirJPS_Time),AVG(Dijkstra_ExploredNodes),MIN(Dijkstra_ExploredNodes),MAX(Dijkstra_ExploredNodes),DEV_MIN(Dijkstra_ExploredNodes),DEV_MAX(Dijkstra_ExploredNodes),AVG(BiDirDijkstra_ExploredNodes),MIN(BiDirDijkstra_ExploredNodes),MAX(BiDirDijkstra_ExploredNodes),DEV_MIN(BiDirDijkstra_ExploredNodes),DEV_MAX(BiDirDijkstra_ExploredNodes),AVG(Astar_ExploredNodes),MIN(Astar_ExploredNodes),MAX(Astar_ExploredNodes),DEV_MIN(Astar_ExploredNodes),DEV_MAX(Astar_ExploredNodes),AVG(BiDirAstar_ExploredNodes),MIN(BiDirAstar_ExploredNodes),MAX(BiDirAstar_ExploredNodes),DEV_MIN(BiDirAstar_ExploredNodes),DEV_MAX(BiDirAstar_ExploredNodes),AVG(JumpPointSearch_ExploredNodes),MIN(JumpPointSearch_ExploredNodes),MAX(JumpPointSearch_ExploredNodes),DEV_MIN(JumpPointSearch_ExploredNodes),DEV_MAX(JumpPointSearch_ExploredNodes),AVG(BiDirJPS_ExploredNodes),MIN(BiDirJPS_ExploredNodes),MAX(BiDirJPS_ExploredNodes),DEV_MIN(BiDirJPS_ExploredNodes),DEV_MAX(BiDirJPS_ExploredNodes),AVG(Dijkstra_PathLength),MIN(Dijkstra_PathLength),MAX(Dijkstra_PathLength),DEV_MIN(Dijkstra_PathLength),DEV_MAX(Dijkstra_PathLength),AVG(BiDirDijkstra_PathLength),MIN(BiDirDijkstra_PathLength),MAX(BiDirDijkstra_PathLength),DEV_MIN(BiDirDijkstra_PathLength),DEV_MAX(BiDirDijkstra_PathLength),AVG(Astar_PathLength),MIN(Astar_PathLength),MAX(Astar_PathLength),DEV_MIN(Astar_PathLength),DEV_MAX(Astar_PathLength),AVG(BiDirAstar_PathLength),MIN(BiDirAstar_PathLength),MAX(BiDirAstar_PathLength),DEV_MIN(BiDirAstar_PathLength),DEV_MAX(BiDirAstar_PathLength),AVG(JumpPointSearch_PathLength),MIN(JumpPointSearch_PathLength),MAX(JumpPointSearch_PathLength),DEV_MIN(JumpPointSearch_PathLength),DEV_MAX(JumpPointSearch_PathLength),AVG(BiDirJPS_PathLength),MIN(BiDirJPS_PathLength),MAX(BiDirJPS_PathLength),DEV_MIN(BiDirJPS_PathLength),DEV_MAX(BiDirJPS_PathLength)
10,0.119446994,0.003814697,9.929657,0,0.238893987,0.07168603,0.003814697,2.080679,0,0.143372059,0.03984356,0.000953674,0.4384518,0,0.07968712,0.043719291,0.001907349,0.6153584,0,0.087438582,0.019413233,0.001430511,2.893925,0,0.038826466,0.02287054,0.001907349,0.433445,0,0.04574108,28.57,1,56,12.34661261,44.79338739,15.144,1,38,4.979917524,25.30808248,7.292,1,33,2.756218997,11.827781,5.602,1,17,2.645594017,8.558405983,3.588,1,10,2.195090744,4.980909256,6.056,2,14,4.035865117,8.076134883,4.822326375,1,11.48528,2.488432848,7.156219903,3.849452917,1,10.07107,1.676725632,6.022180203,4.822326375,1,11.48528,2.488432848,7.156219903,4.801494024,1,14.92745,1.575240893,8.027747156,4.822326354,1,11.48528,2.488432837,7.15621987,5.191851931,1,18.31371,2.539141672,7.844562189
15,0.258803367,0.004768372,0.6446838,0.111176528,0.406430206,0.167747498,0.004291534,0.5111694,0.061761362,0.273733634,0.075334072,0.001907349,0.3824234,0.003345205,0.14732294,0.069912434,0.002861023,0.3252029,0.004013871,0.135810997,0.018673897,0.001907349,0.20504,0,0.037347793,0.027472972,0.001907349,0.2250671,0,0.054945945,78.324,1,158,32.04178887,124.6062111,47.815,1,112,15.84036705,79.78963295,17.155,1,81,2.830260101,31.4797399,13.525,1,53,2.669253954,24.38074605,5.001,1,15,2.664237398,7.337762602,7.838,2,18,4.80304251,10.87295749,8.620935887,1,21.31371,4.06401721,13.17785457,7.57047851,1,20.31371,3.122496051,12.01846097,8.622256195,1,21.31371,4.064595784,13.17991661,10.30980888,1,29.33025,3.738738655,16.8808791,8.621768724,1,21.31371,4.063594535,13.17994291,8.943199152,1,21.31371,4.304067205,13.5823311
20,0.269565583,0.003814697,0.7238388,0.111195928,0.427935238,0.18484974,0.003814697,0.5674362,0.058898749,0.310800731,0.073547364,0.000953674,0.4005432,0.001508459,0.145586269,0.069779395,0.002861023,0.2784729,0.005956228,0.133602562,0.02161026,0.000953674,0.1840591,0,0.04322052,0.031395912,0.001907349,0.2174377,0,0.062791823,91.447,1,194,34.72107099,148.172929,58.485,1,166,14.23557303,102.734427,19.086,1,106,1.775186378,36.39681362,14.171,1,62,3.248039318,25.09396068,6.005,1,22,2.594339125,9.415660875,9.18,2,26,4.889311243,13.47068876,9.30568435,1,23.14213,4.225246579,14.38612212,8.254182538,1,22.14213,3.251578812,13.25678626,9.310082327,1,23.97056,4.224125073,14.39603958,11.33458504,1,33.79899,3.89349424,18.77567583,9.305927907,1,23.14214,4.225103497,14.38675232,9.567981052,1,24.2132,4.438162244,14.69779986
25,0.519242286,0.003814697,1.249313,0.234051513,0.804433058,0.383326531,0.003814697,1.010895,0.150653535,0.615999526,0.208237985,0.001907349,0.9908676,0.006685439,0.40979053,0.206870079,0.001907349,0.7858276,0.014063863,0.399676296,0.037305832,0.001907349,0.2784729,0,0.074611664,0.048022271,0.001907349,0.2632141,0.000726364,0.095318177,190.886,1,380,80.25889048,301.5131095,140.272,1,314,46.69306523,233.8509348,66.646,1,313,0,133.292,62.8,1,233,0,125.6,12.406,1,51,2.247044917,22.56495508,16.794,2,46,6.439446375,27.14855363,17.68988211,1,45.69848,7.079324408,28.30043981,16.59287318,1,44.69848,6.016465897,27.16928046,17.69283168,1,45.69848,7.07687458,28.30878877,22.8266511,1,62.26822,8.383338117,37.26996407,17.71052995,1,46.28427,7.06150189,28.35955801,18.7858318,1,56.87006,6.474262055,31.09740154
30,0.71991158,0.003814697,1.684189,0.31299478,1.12682838,0.463893892,0.003814697,1.121521,0.216653514,0.711134271,0.232437135,0.001907349,0.9822845,0.042936558,0.421937713,0.208906174,0.001907349,0.837326,0.055841317,0.36197103,0.038923264,0.001907349,0.2746582,0,0.077846528,0.047180177,0.001907349,0.3166199,0.003207792,0.091152562,268.39,1,540,111.2725095,425.5074905,174.702,1,368,73.52127686,275.8827231,74.394,1,359,8.818967794,139.9690322,63.137,1,235,10.02851912,116.2454809,12.681,1,53,4.375084805,20.9869152,17.45,2,48,8.641192187,26.25880781,19.72384155,1,45.21321,9.905184222,29.54249887,18.65740021,1,44.21321,8.865345021,28.44945539,19.72560598,1,45.21321,9.907679148,29.54353281,25.98278083,1,60.57077,12.15259623,39.81296542,19.72408578,1,45.2132,9.905296508,29.54287505,20.07536809,1,45.2132,10.04056303,30.11017315
35,0.866302492,0.003814697,1.918793,0.355705378,1.376899605,0.832637796,0.003814697,2.475739,0.275679287,1.389596305,0.548154836,0.001907349,1.779556,0.082167807,1.014141865,0.659357065,0.001907349,1.937866,0.053483567,1.265230562,0.057772787,0.001907349,0.2593994,0.00635435,0.109191225,0.07629776,0.001907349,0.333786,0.012825296,0.139770223,338.925,1,701,133.326342,544.523658,341.865,1,696,96.08330537,587.6466946,207.279,1,611,18.00532597,396.552674,257.711,1,697,1.316414132,514.1055859,23.219,1,66,6.00600124,40.43199876,33.474,2,78,10.32735681,56.62064319,35.5718997,1,94.01221,11.44733291,59.69646648,34.48334565,1,93.01221,10.3998473,58.56684401,35.57189971,1,94.01221,11.44733293,59.69646649,46.40039584,1,123.4038,15.01137083,77.78942085,35.57189746,1,94.0122,11.44733441,59.69646051,36.00127599,1,94.0122,11.90454906,60.09800291
40,0.84584427,0.003814697,2.006531,0.34323031,1.348458229,0.633409502,0.003814697,1.623154,0.20634036,1.060478645,0.327353723,0.003814697,1.686096,0.033444062,0.621263384,0.312226672,0.003814697,1.302719,0.022074718,0.602378626,0.05088875,0.003814697,0.2670288,0.001510012,0.100267488,0.0630857,0.003814697,0.2765656,0.008791286,0.117380113,327.395,1,694,124.5227344,530.2672656,249.92,1,590,70.38593058,429.4540694,112.793,1,562,2.372980385,223.2130196,108.021,1,430,0,216.042,18.262,1,77,4.14943395,32.37456605,25.364,2,64,8.49865257,42.22934743,24.68412977,1,60.04163,10.32547489,39.04278464,23.58550204,1,59.04163,9.248787239,37.92221685,24.68809611,1,60.04163,10.32998472,39.04620751,32.8697121,1,90.31397,12.76268716,52.97673704,24.68530402,1,60.04164,10.32563826,39.04496978,25.26794654,1,65.45584,10.4506421,40.08525099
45,1.252197265,0.01144409,2.807617,0.532735415,1.971659116,0.937217717,0.007629395,2.376556,0.351147666,1.523287769,0.605583182,0.003814697,2.235413,0.079187297,1.131979067,0.619350433,0.003814697,2.197266,0.078819408,1.159881459,0.082870483,0.003814697,0.3013611,0.011729744,0.154011221,0.097801209,0.003814697,0.3471375,0.02720442,0.168397998,491.388,2,1008,198.7675903,784.0084097,385.297,2,848,129.9938733,640.6001267,225.18,2,846,17.46491351,432.8950865,235.746,2,869,9.205296871,462.2867031,34.624,2,112,6.774507757,62.47349224,41.14,4,112,14.50840895,67.77159105,35.45780386,1,96.98279,14.43924853,56.47635919,34.35400579,1,95.56857,13.3582986,55.34971297,35.45838969,1,96.98279,14.44036025,56.47641914,46.77467659,1,116.9828,19.00263335,74.54671982,35.45780127,1,96.98276,14.43925093,56.47635162,36.42850456,1,96.98277,15.10140876,57.75560036
50,1.924385068,0.01907349,3.826141,0.893441499,2.955328637,1.125862127,0.007629395,2.83432,0.506656256,1.745067998,0.542346956,0.003814697,2.685547,0.106095337,0.978598576,0.422241209,0.007629395,1.811981,0.123218943,0.721263475,0.078262329,0.003814697,0.3890991,0.01199592,0.144528739,0.092136383,0.007629395,0.3089905,0.023471239,0.160801527,743.365,4,1450,329.2541071,1157.475893,454.801,2,1001,193.0725507,716.5294493,190.1,2,1016,28.46919688,351.7308031,144.092,2,672,30.12150904,258.062491,29.149,2,167,6.983303144,51.31469686,36.746,4,110,15.06398917,58.42801083,33.65296771,1,79.35535,17.60381982,49.7021156,32.5604661,1,77.94114,16.5122035,48.6087287,33.65482559,1,79.35535,17.60564619,49.70400499,45.80206877,1,116.197,22.98764328,68.61649426,33.6703808,1,79.35535,17.60611229,49.73464931,34.50565743,1,88.35534,17.69207635,51.31923851
55,2.340248114,0.007629395,4.890442,1.071165739,3.609330489,1.5018425,0.003814697,3.391266,0.596570195,2.407114805,0.794883727,0.003814697,4.077911,0.050764618,1.539002837,0.707260137,0.003814697,2.861023,0.045742093,1.368778181,0.123811555,0.007629395,0.617981,0.010263589,0.237359521,0.143177033,0.003814697,0.5493164,0.039542233,0.246811832,923.753,1,1859,398.5864189,1448.919581,621.256,1,1386,229.6546286,1012.857371,296.759,1,1636,3.811620619,589.7063794,262.644,1,1053,0,525.288,51.713,1,286,0.345761178,103.0802388,60.56,2,190,17.25316588,103.8668341,40.34824672,1,98.98279,19.97671048,60.71978296,39.22908707,1,97.98279,18.86674679,59.59142735,40.35142151,1,98.98279,19.98066853,60.72217449,54.30946341,1,129.8801,26.60645372,82.01247309,40.36094274,1,98.98277,19.98721267,60.73467282,41.44735425,1,114.8823,20.09899441,62.79571409
60,2.5990143,0.01525879,5.67627,1.117804851,4.080223749,1.589828495,0.007629395,4.295349,0.597050094,2.582606895,0.856788625,0.007629395,4.165649,0.126321893,1.587255356,0.692961337,0.007629395,3.036499,0.143557847,1.242364828,0.12011131,0.007629395,0.5722046,0.020188843,0.220033777,0.138381959,0.007629395,0.5187988,0.035825286,0.240938632,1027.172,2,2065,421.1963925,1633.147607,664.198,2,1716,228.8285691,1099.567431,319.716,2,1542,36.50808332,602.9239167,257.235,2,1139,38.80418763,475.6658124,47.734,2,223,7.527062267,87.94093773,58.556,4,232,15.20134061,101.9106594,41.91909311,1,92.25487,21.88158037,61.95660585,40.80279244,1,91.25487,20.77943061,60.82615427,41.92177944,1,92.25487,21.88272878,61.9608301,56.38050583,1,134.652,28.65620345,84.1048082,41.94635229,1,92.25484,21.87955047,62.01315411,43.02536888,1,99.98277,22.05668276,63.99405501
65,3.183898928,0.01525879,6.614685,1.416570936,4.951226921,1.832244871,0.007629395,4.554749,0.730358591,2.934131151,0.901368283,0.007629395,5.149841,0.089796477,1.712940088,0.655371864,0.007629395,2.342224,0.166120988,1.14462274,0.124475978,0.007629395,0.7019043,0.011617317,0.237334639,0.140208262,0.007629395,0.5340576,0.043914142,0.236502383,1244.49,1,2478,531.4721543,1957.507846,768.168,1,1931,285.9381343,1250.397866,331.924,1,2003,17.36397356,646.4840264,238.827,1,930,42.50194149,435.1520585,50.05,1,321,3.981661721,96.11833828,57.406,2,222,19.09695738,95.71504262,43.87310716,1,105.5686,22.38765002,65.3585643,42.77183547,1,104.7402,21.30394467,64.23972628,43.87531045,1,105.5686,22.38914344,65.36147745,59.94707507,1,156.3637,30.0057232,89.88842695,43.89931406,1,105.5686,22.39506397,65.40356415,44.98239895,1,105.6691,22.84888523,67.11591267
70,3.702148433,0.01525879,7.995605,1.691071571,5.713225295,1.998382554,0.007629395,4.28009,0.986505315,3.010259792,1.195541383,0.007629395,5.683899,0.16471207,2.226370697,0.886812101,0.007629395,3.173828,0.239518576,1.534105626,0.167015076,0.007629395,0.8010864,0.023194519,0.310835633,0.177742004,0.007629395,0.5722046,0.070438266,0.285045743,1476.606,3,2916,648.9499608,2304.262039,855.177,2,1776,401.55852,1308.79548,455.135,2,2190,45.20843027,865.0615697,338.111,2,1204,72.10562122,604.1163788,71.678,2,363,6.826291772,136.5297082,74.862,4,240,28.09277597,121.631224,52.79524552,1,126.8112,27.56285685,78.02763419,51.69066785,1,125.6102,26.46765617,76.91367953,52.79841715,1,126.8112,27.56642135,78.03041296,71.17154318,1,156.3537,37.20899864,105.1340877,52.85294334,1,126.8112,27.5686962,78.13719048,54.11629329,1,135.8823,28.07004854,80.16253804
75,4.295906081,0.02288818,9.025574,1.987387869,6.604424292,2.464210509,0.007629395,6.134033,1.125675825,3.802745192,1.316398623,0.007629395,6.347656,0.225666722,2.407130525,1.080055238,0.007629395,3.486633,0.266974743,1.893135733,0.175949097,0.007629395,0.793457,0.035497133,0.31640106,0.204345703,0.007629395,0.5874634,0.075158162,0.333533244,1697.451,3,3352,753.1128984,2641.789102,1047.375,2,2366,462.8901765,1631.859823,498.88,2,2380,75.69647019,922.0635298,412.805,2,1435,75.38950808,750.2204919,72.137,2,358,12.72331288,131.5506871,87.54,4,266,29.40808347,145.6719165,56.07755973,1,116.5686,30.93810153,81.21701793,54.98239392,1,115.5686,29.83417231,80.13061552,56.07990291,1,116.5686,30.94120655,81.21859927,76.10854815,1,164.4697,41.44995234,110.767144,56.10866521,1,116.5686,30.92981516,81.28751527,57.17441933,1,122.7107,31.45403788,82.89480077
80,4.761764521,0.03051758,10.34546,2.072602268,7.450926774,2.821287481,0.01525879,6.973267,1.147563813,4.495011148,1.848989115,0.01525879,7.446289,0.344023349,3.35395488,1.583761286,0.01525879,5.92041,0.318786321,2.848736251,0.219366263,0.01525879,0.8850098,0.054779112,0.383953413,0.237275698,0.01525879,0.7629395,0.077641237,0.396910159,1918.236,2,3848,788.8520899,3047.61991,1209.459,2,2983,477.8553667,1941.062633,713.916,2,2916,116.9322661,1310.899734,624.809,2,2246,99.94279319,1149.675207,94.461,2,391,17.40987831,171.5121217,106.76,4,362,28.67338194,184.8466181,65.21700127,1,145.8529,34.17339401,96.26060854,64.15566408,1,144.4387,33.09798908,95.21333907,65.21938606,1,145.8529,34.17579778,96.26297435,87.55658955,1,199.8985,45.23008318,129.8830959,65.24070445,1,145.8528,34.19364918,96.28775973,66.98018181,1,176.1666,33.81799674,100.1423669
85,4.992141717,0.04577637,10.66589,2.199698919,7.784584515,3.297409077,0.01525879,6.92749,1.403888849,5.190929306,2.430137966,0.01525879,9.368896,0.334155592,4.52612034,2.091339123,0.01525879,6.958008,0.421176783,3.761501464,0.263517597,0.01525879,1.144409,0.052698344,0.474336851,0.261040309,0.01525879,0.6713867,0.104182075,0.417898542,2032.002,13,4063,849.6622446,3214.341755,1419.539,6,2866,581.6415059,2257.436494,947.954,3,3641,104.7330898,1791.17491,837.845,3,2947,141.5197988,1534.170201,118.905,2,479,15.24997437,222.5600256,118.85,4,320,43.53029104,194.169709,76.63163831,2,182.5097,35.01886188,118.2444147,75.52005413,1,181.5097,33.91953671,117.1205716,76.63412356,2,182.5097,35.02187049,118.2463766,99.74389092,1,228.8532,47.90913549,151.5786464,76.72016277,2,182.5097,35.04669958,118.393626,78.27071394,2.414214,182.5097,35.56108496,120.9803429
90,6.197418245,0.04577637,13.07678,2.766134549,9.628701941,3.280059814,0.01525879,8.865356,1.375107687,5.185011942,1.840469355,0.01525879,10.20813,0.197770567,3.483168144,1.233673093,0.01525879,5.0354,0.412569426,2.054776761,0.244385994,0.01525879,1.190186,0.033429949,0.455342039,0.239436213,0.01525879,0.793457,0.094463602,0.384408824,2466.433,8,4863,1056.588785,3876.277215,1401.046,2,3440,566.3258147,2235.766185,698.491,2,3888,65.47131323,1331.510687,471.359,2,1993,142.1369666,800.5810334,103.697,2,591,7.608393957,199.785606,103.548,4,362,38.06881843,169.0271816,65.60285308,1.414214,145.0539,36.33846614,94.86724002,64.48335626,1.414214,143.6397,35.21664854,93.75006398,65.60319626,1.414214,145.0539,36.33894705,94.86744547,89.71433145,1.414214,203.414,49.11441152,130.3142514,65.67130449,1.414214,145.397,36.38929277,94.95331621,67.43088397,3,156.6102,37.11878959,97.74297836
95,6.855178821,0.04577637,14.17542,3.007318456,10.70303919,3.678895559,0.01525879,9.796143,1.506074296,5.851716823,2.188629144,0.01525879,11.94763,0.251229016,4.126029272,1.516525255,0.01525879,5.966187,0.431996378,2.601054131,0.25461384,0.01525879,1.419067,0.040155681,0.469071999,0.244964599,0.01525879,0.793457,0.102303083,0.387626116,2725.323,14,5399,1147.110195,4303.535805,1570.845,3,3909,617.0769,2524.6131,832.346,4,4510,82.86532809,1581.826672,588.809,3,2331,144.4924082,1033.125592,109.063,2,614,9.213518529,208.9124815,106.312,4,366,41.9336867,170.6903133,70.04711999,2.414214,160.5392,37.60620003,102.4880399,68.95870609,1,159.5392,36.50755523,101.409857,70.04794844,2.414214,160.5392,37.60764472,102.4882522,95.23528188,1,217.6557,50.91994121,139.5506225,70.13508284,2.414214,160.5391,37.57765073,102.6925149,72.48518399,2.414214,174.8945,38.16341953,106.8069485
100,7.506454458,0.03051758,15.54871,3.294997773,11.71791114,4.018163051,0.01525879,10.63538,1.458859866,6.577466237,2.127102833,0.01525879,11.82556,0.237621794,4.016583872,1.478481864,0.01525879,6.103516,0.363683069,2.593280659,0.25640022,0.01525879,1.358032,0.049958055,0.462842384,0.265252734,0.01525879,0.9460449,0.095450809,0.435054659,2987.588,1,5929,1270.421488,4704.754512,1714.228,1,4355,606.9978384,2821.458162,802.782,1,4645,73.65276323,1531.911237,570.542,1,2384,121.2456196,1019.83838,107.712,1,655,9.847345775,205.5766542,114.624,2,396,36.96478562,192.2832144,71.57512958,2,161.0955,38.67439496,104.4758642,70.48685344,1,159.6813,37.58805688,103.38565,71.57664582,2,161.0955,38.67640612,104.4768855,97.68033835,1,258.9199,51.70760211,143.6530746,71.5977239,2,161.0955,38.69043011,104.5050177,73.85265493,2,171.3381,39.20004733,108.5052625
150,16.0334779,0.06103516,34.24072,6.629798955,25.43715685,9.02578736,0.03051758,26.79443,2.925053686,15.12652103,4.506347432,0.03051758,27.49634,0.216855124,8.79583974,2.865108776,0.03051758,14.43481,0.444085306,5.286132247,0.519354818,0.03051758,3.234863,0.052426943,0.986282693,0.513456716,0.03051758,2.13623,0.148382682,0.87853075,6414.446,17,13483,2622.785321,10206.10668,3846.505,4,11144,1241.834393,6451.175607,1724.423,3,10937,78.6703254,3370.175675,1134.305,3,5548,159.0920559,2109.517944,234.278,2,1537,4.918442705,463.6375573,236.334,4,1002,56.0073793,416.6606207,102.2743005,2.414214,234.2083,55.66796787,148.8806331,101.1628567,1.414214,233.2083,54.54949609,147.7762172,102.2753716,2.414214,234.2083,55.66931397,148.8814292,140.1363685,1,341.9543,75.35777202,204.914965,102.3554318,2.414214,234.2082,55.72576716,148.9850965,105.0431591,2.414214,257.6641,56.76042737,153.3258907
200,31.12701404,0.03051758,64.08691,13.089477,49.16455107,16.93973031,0.03051758,43.79272,6.159959864,27.71950076,8.004473215,0.03051758,54.87061,0.987585579,15.02136085,4.665608174,0.03051758,20.93506,1.186187471,8.145028876,0.893190676,0.03051758,6.103516,0.121611426,1.664769927,0.865391322,0.03051758,3.387451,0.268234403,1.46254824,12120.487,3,23908,5186.774625,19054.19937,7142.024,2,17827,2608.382033,11675.66597,3033.915,2,20050,412.2500315,5655.579968,1834.749,2,8047,451.1699821,3218.328018,418.076,2,3051,39.03320867,797.1187913,409.774,4,1644,106.3561242,713.1918758,138.6872514,1,337.9068,76.6649524,200.7095504,137.5834781,1,336.4926,75.56613415,199.6008221,138.6893936,1,337.9068,76.66574833,200.7130388,192.1007382,1,459.229,104.9204481,279.2810283,138.8423387,1,337.9067,76.77516677,200.9095107,142.8676423,1,366.6053,78.91311348,206.8221711
250,48.66906117,0.2441406,103.4546,19.9586118,77.37951055,25.01574722,0.1220703,60.05859,9.455522761,40.57597169,14.0935002,0.03051758,99.4873,0.384011944,27.80298846,7.80440487,0.03051758,32.77588,1.948455316,13.66035442,1.552212631,0.03051758,9.887695,0.110180827,2.994244436,1.327099762,0.03051758,5.310059,0.439164821,2.215034703,18504.111,13,37077,7808.120539,29200.10146,10403.697,5,23830,4027.305677,16780.08832,5290.644,4,35732,260.3700262,10320.91797,3094.927,3,13804,727.3398446,5462.514155,747.017,3,5229,13.06381758,1480.970182,642.282,6,2248,188.174786,1096.389214,182.7920029,2.414214,468.2328,97.88952213,267.6944836,181.6925561,1,466.8185,96.78697123,266.598141,182.7942455,2.414214,468.2328,97.89198756,267.6965035,249.3565257,1,610.4818,134.1075389,364.6055125,182.9494828,2.414214,468.2327,97.97976475,267.9192009,187.4489517,2.414214,468.2327,100.1381844,274.759719
300,74.75694742,0.06103516,160.7666,30.39549214,119.1184027,40.82440185,0.06103516,102.417,13.50285339,68.14595032,18.97098648,0.2441406,103.9429,2.248690828,35.69328212,10.09936137,0.06103516,38.69629,2.439762061,17.75896067,2.111620498,0.06103516,11.04736,0.302300302,3.920940694,1.971447799,0.06103516,7.141113,0.511118043,3.431777555,27629.578,2,54205,11887.4731,43371.6829,16669.988,2,40238,5798.768884,27541.20712,7053.185,2,36743,1000.022926,13106.34707,3968.853,2,15630,962.8761518,6974.829848,1027.94,2,5484,114.0072095,1941.87279,964.33,4,3680,214.8681156,1713.791884,208.6305832,1,450.6298,116.7424996,300.5186668,207.5057201,1,449.6298,115.6172705,299.3941697,208.6375294,1,450.6298,116.7518361,300.5232228,289.0106163,1,667.2717,160.7610128,417.2602198,208.9391741,1,450.6297,116.8738472,301.0045009,213.286432,3.414214,451.2571,119.8059701,306.7668939
350,102.0823071,0.2441406,221.9238,37.29964921,166.8649649,54.13738981,0.1220703,136.4746,16.0874125,92.18736711,23.45421298,0.1220703,124.0845,1.369956493,45.53846946,11.54090417,0.06103516,54.6875,2.204870823,20.87693752,2.559816965,0.06103516,12.93945,0.266101326,4.853532604,2.328442002,0.06103516,9.887695,0.516398149,4.140485856,36395.062,12,73732,14396.80558,58393.31842,21572.742,3,52348,6871.448067,36274.03593,8567.237,4,42455,774.755795,16359.7182,4501.427,3,20144,884.8703829,8117.983617,1233.088,3,6548,67.16119202,2399.014808,1141.442,6,5310,207.0081333,2075.875867,227.6315154,2.414214,525.7423,119.3645517,335.8984791,226.5105464,1,524.9139,118.2419528,334.77914,227.6332727,2.414214,525.7423,119.3652574,335.901288,317.6197752,1,762.3001,164.581965,470.6575854,227.8812144,2.414214,525.7424,119.4597053,336.3027235,231.980475,2.414214,540.2276,121.6661657,342.2947842
400,141.5290535,0.1220703,303.3447,54.36869532,228.6894117,76.51548082,0.2441406,204.834,25.1705512,127.8604104,31.27407204,0.1220703,189.5752,2.911406562,59.63673752,15.69924546,0.1220703,78.24707,2.925397812,28.47309312,3.412784849,0.1220703,18.67676,0.481362283,6.344207415,3.171494808,0.1220703,11.84082,0.808363678,5.534625938,48430.581,23,96362,20584.47624,76276.68576,29617.343,24,71121,10538.874,48695.812,11252.609,6,61021,1542.012256,20963.20574,6059.05,6,28654,1178.651452,10939.44855,1657.312,4,9551,175.1688946,3139.455105,1566.386,6,6320,339.7235347,2793.048465,263.9679479,5.242641,653.3807,144.8604009,383.0754948,262.8699036,4.828427,652.3807,143.7717138,381.9680934,263.9697056,5.242641,653.3807,144.8639211,383.07549,369.0256496,5.242641,940.2341,199.8458254,538.2054738,264.1985515,5.24264,655.0383,145.0396856,383.3574173,268.9702396,5.24264,655.0385,148.0068716,389.9336075
450,190.4401866,0.2441406,398.4375,76.42707224,304.453301,104.4233939,0.2441406,262.207,34.57939402,174.2673938,41.94512452,0.2441406,278.8086,3.53679459,80.35345445,20.63502022,0.2441406,103.7598,3.52501136,37.74502908,4.523176604,0.1220703,27.34375,0.626332624,8.420020585,4.252445482,0.1220703,15.86914,1.046957859,7.457933105,63249.969,75,121985,28210.8385,98289.0995,39327.791,40,93892,14406.6194,64248.9626,14720.037,6,86207,2019.402337,27420.67166,7888.587,6,37686,1491.73935,14285.43465,2192.123,4,13795,231.8401258,4152.405874,2113.912,8,8036,437.7507605,3790.073239,301.3457247,7.071068,709.1911,166.4061751,436.2852744,300.2310369,5.656854,707.7769,165.2859823,435.1760915,301.3470973,7.071068,709.1911,166.4077192,436.2864754,422.0237947,7.071068,957.7794,231.4751408,612.5724486,301.5656273,7.071068,709.1926,166.5303997,436.600855,306.1161611,7.071068,715.636,170.011651,442.2206713
500,227.3928236,0.2441406,519.5313,78.96822156,375.8174256,121.278565,0.2441406,335.4492,33.04665805,209.510472,48.02361044,0.2441406,265.8691,3.379978492,92.66724239,22.76347592,0.2441406,106.4453,4.036368074,41.49058376,5.147360557,0.2441406,25.39063,0.703029668,9.591691446,4.726059062,0.2441406,18.55469,1.036138017,8.415980107,72954.023,101,150372,29376.75436,116531.2916,44877.929,75,112811,14385.92881,75369.92919,16870.405,10,84547,2136.22327,31604.58673,8737.293,10,38827,1681.796314,15792.78969,2521.346,3,13060,249.1350188,4793.556981,2374.384,6,10330,432.1802125,4316.587787,320.6126806,9,760.9182,170.3719348,470.8534264,319.5093596,8,759.9182,169.2701041,469.7486152,320.6146219,9,760.9182,170.3732332,470.8560105,448.7170553,11,1074.664,235.7327946,661.7013159,320.9008483,9,760.9202,170.5555134,471.2461832,325.7202297,9,771.7488,173.6227671,477.8176922
525,273.8435871,1.953125,596.1914,104.91055,442.7766242,142.6783249,0.4882813,364.2578,44.32183375,241.034816,57.37745057,0.2441406,312.7441,5.066035388,109.6888657,27.06120279,0.4882813,123.291,4.856018824,49.26638676,6.125483523,0.2441406,31.73828,0.94713785,11.3038292,5.591536362,0.2441406,20.75195,1.314857663,9.868215061,85060.659,16,166132,37198.93323,132922.3848,51784.962,9,121280,18375.84984,85194.07416,19695.915,3,94559,2893.808942,36498.02106,10228.679,3,43749,2049.899376,18407.45862,2963.476,2,15149,347.1523999,5579.7996,2791.164,4,10122,553.8458238,5028.482176,346.5099062,2.828427,761.7764,189.4032244,503.616588,345.3981618,1.414214,760.7764,188.287281,502.5090427,346.5126515,2.828427,761.7764,189.4041991,503.6211039,485.2052609,1.414214,1087.991,261.6128036,708.7977182,346.9609289,2.828427,765.6777,189.6075337,504.3143242,351.8609331,2.828427,766.5061,193.5803397,510.1415265
550,293.8076201,0.4882813,665.5273,105.6084175,482.0068227,154.0571305,0.4882813,423.8281,44.23785973,263.8764013,59.72964204,0.4882813,388.6719,3.9641562,115.4951279,28.44140674,0.4882813,147.9492,3.860595441,53.02221805,6.434180958,0.4882813,35.15625,1.011333318,11.8570286,6.083422075,0.4882813,27.34375,1.395083833,10.77176032,90315.441,182,182174,37731.5897,142899.2923,55605.881,170,137113,18627.76203,92583.99997,20310.796,67,114820,2627.612624,37993.97938,10757.403,58,53912,1756.266077,19758.53992,3074.472,8,18106,319.4606681,5829.483332,2980.322,10,13920,531.8355479,5428.808452,351.0782856,15.65685,807.5866,189.0127184,513.1438528,349.9761075,14.65685,806.1725,187.9091131,512.0431018,351.081357,15.65685,807.5866,189.0124777,513.1502363,493.5194566,20.95084,1158.427,263.1436483,723.8952649,351.4169215,15.65685,809.0034,189.2055105,513.6283325,355.9392785,15.65685,834.7191,192.3778021,519.5007548
575,329.5659206,0.9765625,786.1328,118.0343518,541.0974894,176.1708026,0.4882813,467.7734,49.83984484,302.5017605,66.66432105,0.4882813,362.793,3.561821733,129.7668204,32.1191998,0.4882813,190.4297,2.468124272,61.77027534,7.089139343,0.4882813,32.71484,1.02944048,13.14883821,6.638430747,0.4882813,27.34375,1.253968171,12.02289332,99305.854,248,199192,41985.57302,156626.135,62224.819,105,150641,20694.54671,103755.0913,22480.794,24,105623,2870.470918,42091.11708,11924.156,17,64803,1314.865297,22533.4467,3385.751,10,16648,340.8148665,6430.687133,3288.344,16,14388,490.6019872,6086.086013,371.2288973,12.65685,862.2553,198.852616,543.6051787,370.1145018,11.24264,861.2553,197.7397569,542.4892467,371.2332404,12.65685,862.2553,198.8576967,543.6087841,522.2741126,14.84819,1236.008,276.3102934,768.2379319,371.5122634,12.65685,862.258,198.9725488,544.051978,376.0585447,12.65685,862.2582,202.2270629,549.8900265
600,371.5288127,2.929688,892.0898,129.7604455,613.29718,195.0112326,1.464844,533.2031,55.46908681,334.5533784,70.09570472,0.4882813,404.2969,6.606387522,133.5850219,33.01446051,0.4882813,201.6602,4.806397983,61.22252303,7.503556935,0.4882813,37.10938,1.301013138,13.70610073,7.051736242,0.4882813,28.32031,1.649708874,12.45376361,108445.5,1438,217383,45704.18524,171186.8148,67428.259,637,163226,23143.71056,111712.8074,23545.611,180,116897,3768.088799,43323.1332,12287.679,105,66713,2209.332504,22366.0255,3577.787,27,18225,476.5429922,6679.031008,3466.158,34,14500,683.5330269,6248.782973,379.971783,38.97057,944.4494,208.2357206,551.7078453,378.854404,37.97057,943.0352,207.1167296,550.5920784,379.9760082,38.97057,944.4494,208.2381453,551.7138711,535.1900316,51.2548,1377.071,289.9215004,780.4585628,380.3720968,38.97057,944.4534,208.4323505,552.3118431,384.57898,38.97057,958.1691,211.946215,557.2117449
625,397.8568453,0.9765625,921.875,141.0284637,654.6852269,213.2650597,0.9765625,594.7266,62.27013649,364.259983,81.43911248,0.9765625,439.4531,8.586736603,154.2914884,38.10708249,0.9765625,186.5234,6.066567125,70.14759786,8.559796543,0.4882813,39.0625,1.744884781,15.3747083,7.953389943,0.4882813,32.22656,2.017816709,13.88896318,116151.237,40,235061,49253.94977,183048.5242,73562.22,24,175017,25381.74246,121742.6975,27103.856,9,129024,4346.431274,49861.28073,14238.934,7,64598,2579.491251,25898.37675,4050.623,5,19800,571.5057373,7529.740263,3903.31,6,16788,758.1969795,7048.423021,404.6945686,5.828427,948.0534,219.1131743,590.275963,403.584123,4.828427,947.0534,218.0056554,589.1625906,404.6978414,5.828427,948.0534,219.1185508,590.2771321,566.2621419,7.064496,1340.395,303.3159003,829.2083835,405.1649144,5.828427,951.9561,219.3805263,590.9493025,409.8800901,5.828427,953.1279,223.0803975,596.6797828
650,452.4341707,1.953125,1051.758,163.2766069,741.5917345,235.8276294,0.9765625,665.0391,69.0868018,402.568457,87.78037054,0.9765625,450.1953,8.192256392,167.3684847,40.99401233,0.9765625,226.5625,6.723258317,75.26476634,9.329660082,0.9765625,40.03906,1.817034597,16.84228557,8.794112446,0.9765625,35.15625,2.219140703,15.36908419,128824.141,54,254747,56054.15614,201594.1259,80585.76,34,194252,28553.91754,132617.6025,28950.491,11,129023,4659.851004,53241.131,15227.579,8,76993,2877.156875,27578.00112,4432.304,4,20293,612.3499486,8252.258051,4327.534,6,19254,839.7689535,7815.299047,420.716516,6.414214,966.9521,229.8525716,611.5804603,419.6067291,5.414214,965.538,228.74327,610.4701883,420.7196878,6.414214,966.9521,229.8549843,611.5843912,591.8289058,6.828427,1387.839,320.01119,863.6466216,421.1373153,6.414214,966.9561,229.998664,612.2759666,425.8717659,6.414214,984.2698,233.6562897,618.0872421
675,487.1189644,0.9765625,1155.273,168.182533,806.0553958,255.9628966,0.9765625,690.4297,70.51111001,441.4146831,90.75658318,0.9765625,515.625,7.392672937,174.1204934,41.55337214,0.9765625,248.0469,5.630400122,77.47634415,9.632087338,0.9765625,44.92188,1.72985142,17.53432326,9.292571357,0.9765625,38.08594,2.102359724,16.48278299,136851.223,341,274393,58400.66433,215301.7817,86397.611,205,206079,29560.41849,143234.8035,29864.085,61,142194,4590.364723,55137.80528,15457.876,71,78043,2618.875858,28296.87614,4590.21,9,22190,586.8776891,8593.542311,4561.366,18,20454,793.4273408,8329.304659,427.4605225,19.72792,989.8817,232.496453,622.4245921,426.3519952,18.31371,988.4675,231.3952296,621.3087607,427.4670497,19.72792,989.8817,232.5022127,622.4318867,603.2598906,25.52481,1429.332,325.6487175,880.8710636,427.8381827,19.72792,989.885,232.7144976,622.9618678,432.9219157,19.72792,995.2867,236.9339325,628.909899
700,547.4775522,1.953125,1287.109,183.382165,911.5729395,279.9557423,0.9765625,760.7422,76.07898023,483.8325043,102.9627641,0.9765625,581.0547,7.259442051,198.6660861,47.211002,0.9765625,223.6328,6.439571562,87.98243243,10.69487016,0.9765625,51.75781,1.756810816,19.63292951,10.15381155,0.9765625,39.0625,2.504494628,17.80312847,149189.245,747,295661,62897.19727,235481.2927,92772.982,393,219943,31819.35273,153726.6113,33512.922,64,166248,4937.041851,62088.80215,17443.284,50,78207,2900.493036,31986.07496,5187.505,15,26596,647.9488644,9727.061136,5003.324,22,19772,956.6969525,9049.951047,448.1682307,32.55634,1018.095,241.4529867,654.8834747,447.0697488,31.55635,1017.095,240.3657093,653.7737882,448.1749161,32.55634,1018.095,241.4548688,654.8949634,630.8956598,40.90004,1402.737,337.3542661,924.4370536,448.6189914,32.55635,1018.684,241.6754417,655.5625412,454.0103212,32.55635,1047.068,246.0714522,661.9491902
725,587.336931,1.953125,1417.969,187.097289,987.576573,299.9933586,0.9765625,900.3906,77.51398559,522.4727317,109.9122105,0.9765625,700.1953,5.119554128,214.7048669,51.74705086,0.9765625,278.3203,4.744185068,98.74991665,11.25430045,0.9765625,52.73438,1.858161525,20.65043938,10.83179028,0.9765625,44.92188,2.257905378,19.40567518,156455.188,771,316746,64891.31248,248019.0635,97887.794,403,244408,32876.97642,162898.6116,35572.721,97,171642,4989.198986,66156.24301,19038.493,77,94655,2620.225758,35456.76024,5397.184,19,26709,658.4724906,10135.89551,5390.192,34,23122,885.5889716,9894.795028,462.6589884,29.31371,1060.052,246.5763498,678.7416271,461.5440664,28.31371,1059.052,245.471845,677.6162879,462.6613317,29.31371,1060.052,246.5787151,678.7439482,651.7518524,40.15091,1492.227,344.0560514,959.4476535,463.1621971,29.31371,1060.056,246.8692652,679.4551291,468.1341768,30.97056,1060.057,250.6088493,685.6595042
750,699.0859657,1.953125,1796.875,234.828744,1163.343187,350.6905444,1.953125,988.2813,100.890109,600.4909798,117.5149894,1.953125,679.6875,12.28622233,222.7437565,53.91565668,1.953125,306.6406,8.913608113,98.91770525,12.56057943,1.953125,56.64063,3.020194516,22.10096435,12.05392718,1.953125,46.875,3.468719497,20.63913487,175687.85,414,339936,76405.44558,274970.2544,109895.319,196,253389,39870.22362,179920.4144,37332.281,58,177096,6863.760568,67800.80143,19469.794,33,101298,3774.095661,35165.49234,5765.329,12,28437,934.3166878,10596.34131,5733.554,20,23710,1207.785861,10259.32214,481.9503662,16.89949,1110.774,266.8684867,697.0322458,480.8368591,15.89949,1109.36,265.7477727,695.9259455,481.9539815,16.89949,1110.774,266.8718313,697.0361318,682.487608,23.51527,1596.952,375.2309386,989.7442774,482.4131828,16.89949,1110.779,267.184177,697.6421886,487.3162371,17.24264,1123.749,271.1362378,703.4962364
775,718.6814654,1.953125,1865.234,208.4577502,1228.905181,350.7159602,1.953125,1029.297,89.60431999,611.8276004,121.3098972,1.953125,632.8125,7.25598711,235.3638073,55.9646229,1.953125,257.8125,8.023163975,103.9060818,12.93319428,1.953125,54.6875,2.567064881,23.29932368,12.1780664,1.953125,42.96875,3.201367746,21.15476505,176754.922,140,362824,71093.94953,282415.8945,108931.62,113,259506,36848.55705,181014.6829,38118.874,27,171960,5449.072648,70788.67535,19974.955,21,86568,3388.315028,36561.59497,5917.22,8,27825,720.29776,11114.14224,5806.046,10,22004,1069.71166,10542.38034,481.3925645,13.48528,1118.188,257.6215782,705.1635508,480.2919115,12.48528,1116.774,256.5264016,704.0574214,481.3964641,13.48528,1118.188,257.6272549,705.1656734,678.8888496,18.77927,1620.638,358.7679808,999.0097184,482.0220286,13.48528,1119.808,257.9830056,706.0610516,487.2978241,17.31371,1119.222,262.4844031,712.111245
800,796.8652659,1.953125,1986.328,249.1646431,1344.565889,400.2146786,1.953125,1083.984,103.3841777,697.0451794,136.3958627,1.953125,708.9844,10.91431126,261.8774142,62.21562662,1.953125,320.3125,8.009732475,116.4215208,14.26379473,1.953125,87.89063,2.746698657,25.78089079,13.70487516,1.953125,54.6875,3.471515671,23.93823466,192327.524,1121,386625,81952.18569,302702.8623,121483.778,525,279524,42350.3007,200617.2553,42232.193,78,182727,6555.04283,77909.34317,22035.47,60,94815,3427.99541,40642.94459,6581.099,15,29200,884.6137952,12277.5842,6531.684,26,25808,1210.524247,11852.84375,505.3136549,32.79898,1233.897,272.2255052,738.4018046,504.2160986,31.79899,1232.897,271.1176054,737.3145918,505.3185838,32.79898,1233.897,272.2275416,738.409626,714.8549417,43.10389,1713.146,381.1468054,1048.563078,505.7521896,32.79899,1234.488,272.4116512,739.092728,510.7075213,32.79899,1235.075,276.6219187,744.7931238
825,844.0201021,1.953125,2191.406,241.7113196,1446.328885,425.206699,1.953125,1199.219,105.2707655,745.1426326,139.858269,1.953125,740.2344,9.719918925,269.996619,64.65021582,1.953125,308.5938,8.14990399,121.1505277,14.75555907,1.953125,64.45313,3.067052335,26.44406581,14.1925724,1.953125,48.82813,3.636949408,24.74819539,199886.412,4,411311,80956.94848,318815.8755,127106.696,2,304854,42737.09329,211476.2987,43099.463,2,192087,6786.494567,79412.43143,22679.484,2,96022,3608.463348,41750.50465,6739.447,2,31779,916.104222,12562.78978,6790.756,4,24906,1247.142262,12334.36974,515.2934972,1,1175.744,276.3398167,754.2471778,514.1869184,1,1175.329,275.2274677,753.1463691,515.2968699,1,1175.744,276.344361,754.2493789,729.2524555,1,1709.533,387.193804,1071.311107,515.8139037,1,1183.122,276.6747145,754.9530929,521.4255183,1,1180.435,281.4239396,761.427097
850,974.1250376,1.953125,2484.375,304.3196839,1643.930391,481.8386966,1.953125,1320.313,131.1725572,832.5048359,160.7517944,1.953125,1027.344,17.60890595,303.8946829,73.43161641,1.953125,417.9688,11.88026989,134.9829629,16.51241292,1.953125,83.98438,3.72710621,29.29771962,15.81604595,1.953125,64.45313,4.226725111,27.40536678,223335.544,56,436336,97404.42081,349266.6672,141150.517,22,327245,51486.61796,230814.416,49235.268,9,249268,9480.474401,88990.0616,25821.948,6,130847,5099.955312,46543.94069,7700.209,7,40353,1353.689985,14046.72802,7678.75,8,31548,1648.919934,13708.58007,547.5080792,6.24264,1338.068,301.0106857,794.0054726,546.3912581,5.242641,1337.068,299.8763073,792.9062089,547.5132099,6.24264,1338.068,301.0160815,794.0103382,772.5266756,6.656854,1893.637,420.4479861,1124.605365,548.0997415,6.24264,1340.902,301.3675032,794.8319798,553.4216979,6.242641,1340.902,305.8268742,801.0165217
875,1071.582071,1.953125,2628.906,332.0077093,1811.156433,512.0100761,1.953125,1404.297,143.0505373,880.969615,169.3023122,1.953125,755.8594,21.0293127,317.5753118,76.72907197,1.953125,339.8438,12.80549491,140.652649,17.21318981,1.953125,101.5625,3.77976332,30.6466163,16.74635403,1.953125,68.35938,4.740795444,28.75191262,238465.378,339,462473,103869.2159,373061.5401,148425.649,148,333044,55600.99976,241250.2982,51295.296,50,199218,10507.6894,92082.9026,26868.482,63,108062,5525.086418,48211.87758,8050.54,7,33654,1487.578096,14613.5019,8060.284,8,28464,1838.352608,14282.21539,564.8368825,16.31371,1315.879,310.3759381,819.297827,563.7322847,14.89949,1315.051,309.2656746,818.1988947,564.8421958,16.31371,1315.879,310.3787011,819.3056905,800.089648,22.51527,1925.443,435.3644269,1164.814869,565.541357,16.31371,1317.056,310.7240239,820.3586901,570.7512009,16.31371,1337.5,315.3156317,826.1867701
900,1206.500968,3.90625,3218.75,337.928708,2075.073229,574.7516375,3.90625,1699.219,130.9327125,1018.570563,177.9535973,1.953125,1111.328,6.510029887,349.3971647,79.56060264,1.953125,425.7813,8.417480303,150.703725,18.47134864,1.953125,85.9375,3.968448206,32.97424908,18.09752764,1.953125,66.40625,4.972102556,31.22295273,248140.114,49,489091,106071.4392,390208.7888,155675.641,23,365152,54465.70103,256885.581,52450.178,10,255788,8069.019138,96831.33686,27327.78,6,128964,4075.274987,50580.28501,8242.416,3,41884,1091.056949,15393.77505,8247.664,6,33608,1426.827891,15068.50011,562.889824,5.414214,1307.98,304.5808043,821.1988438,561.7676405,4.414214,1306.98,303.4590309,820.0762501,562.8913806,5.414214,1307.98,304.5828309,821.1999304,796.89705,5.414214,1871.376,426.6828997,1167.1112,563.4045342,5.414214,1308.572,304.8635527,821.9455158,568.7164257,5.414214,1311.5,309.7577053,827.6751462
925,1280.347738,3.90625,3507.813,322.351271,2238.344204,619.9520259,3.90625,1964.844,126.8634789,1113.040573,192.1875151,3.90625,1132.813,7.576646564,376.7983836,87.17126882,3.90625,500,8.514987061,165.8275506,20.00825083,3.90625,125,4.261415919,35.75508573,19.4340165,3.90625,78.125,5.258906505,33.6091265,256246.95,1068,516543,107831.5004,404662.3996,163596.438,616,388717,56221.76181,270971.1142,56275.21,186,247902,8624.087613,103926.3324,29965.405,205,146867,4516.525514,55414.28449,8860.827,31,39840,1194.308996,16527.345,8982.332,44,36722,1595.393566,16369.27043,582.8693315,32.55635,1387.718,314.6613353,851.0773277,581.7706997,31.14213,1387.304,313.5550928,849.9863066,582.8743426,32.55635,1387.718,314.6659854,851.0826998,824.8057544,45.38698,2073.753,440.2500566,1209.361452,583.5039046,32.55635,1388.512,314.9800185,852.0277906,588.6532808,32.55635,1405.198,319.0485135,858.2580482
950,1476.851646,3.90625,4015.625,405.275072,2548.42822,721.7708289,3.90625,2171.875,160.5492377,1282.99242,223.341439,3.90625,1414.063,11.23335221,435.4495258,100.7757252,3.90625,535.1563,11.55809365,189.9933568,22.4075151,3.90625,136.7188,5.201659148,39.61337105,22.04301992,3.90625,82.03125,6.455277627,37.63076222,280324.686,858,545861,122359.3391,438290.0329,181394.545,574,415941,65728.57536,297060.5146,63474.484,171,283684,10983.08572,115965.8823,33802.306,85,150873,5822.642624,61781.96938,9947.258,32,45219,1563.363412,18331.15259,10065.644,24,35922,2038.290535,18092.99746,616.6314369,31.14213,1320.992,336.0236336,897.2392403,615.5175565,30.14213,1319.992,334.8923913,896.1427217,616.6340652,31.14213,1320.992,336.0250492,897.2430813,871.1512958,41.9581,1890.755,470.0745544,1272.228037,617.2733087,31.14213,1322.998,336.3934534,898.1531641,622.7913183,31.14214,1365.969,340.5700472,905.0125895
975,1508.528864,3.90625,4453.125,358.1036523,2658.954075,702.0162592,3.90625,2257.813,141.136042,1262.896476,214.2092498,3.90625,1367.188,3.018848027,425.3996516,95.15499184,3.90625,511.7188,8.545420693,181.764563,21.14488332,3.90625,93.75,4.289676219,38.00009041,20.97421448,3.90625,82.03125,5.507536348,36.44089261,284343.82,332,575315,117571.4564,451116.1836,179129.194,281,428013,61713.21129,296545.1767,61249.716,79,270901,9060.332849,113439.0992,32290.764,87,153028,4781.10218,59800.42582,9596.876,19,42531,1271.406687,17922.34531,9673.612,24,40556,1646.853915,17700.37008,606.1441653,20.14213,1435.275,323.9931636,888.2951669,605.0319237,18.72792,1434.659,322.8722762,887.1915713,606.1474383,20.14213,1435.275,323.9951966,888.29968,857.6978955,27.2132,2028.918,453.3957652,1262.000026,606.7711064,20.14213,1435.666,324.3460447,889.1961681,611.8247346,20.14214,1436.252,329.0655714,894.5838978
1000,1591.861475,3.90625,4414.063,400.3842971,2783.338652,755.9181388,3.90625,2359.375,162.3896686,1349.446609,229.7056096,3.90625,1316.406,15.33899321,444.072226,102.4660778,3.90625,554.6875,11.99009808,192.9420576,23.52269629,3.90625,97.65625,5.776425079,41.26896751,23.13800657,3.90625,85.9375,6.664103146,39.61191,302150.842,252,605018,125764.0297,478537.6543,193302.566,129,450724,68088.63552,318516.4965,66584.673,31,292368,11959.30427,121210.0417,35130.533,35,159967,5964.804004,64296.262,10547.478,8,46777,1721.391831,19373.56417,10704.822,10,40306,2105.066109,19304.57789,632.1289286,14.82843,1508.529,338.7917103,925.4661468,631.0047707,13.82843,1508.115,337.662524,924.3470174,632.1328275,14.82843,1508.529,338.7966909,925.468964,895.252788,18.24264,2116.368,476.5612003,1313.944376,632.6846874,14.82843,1510.778,339.1253654,926.2440094,637.8603403,14.82843,1510.778,344.3096047,931.4110758
1025,3363.281,3363.281,3363.281,3363.281,3363.281,2179.688,2179.688,2179.688,2179.688,2179.688,773.4375,773.4375,773.4375,773.4375,773.4375,312.5,312.5,312.5,312.5,312.5,66.40625,66.40625,66.40625,66.40625,66.40625,62.5,62.5,62.5,62.5,62.5,557547,557547,557547,557547,557547,426324,426324,426324,426324,426324,203977,203977,203977,203977,203977,109685,109685,109685,109685,109685,33007,33007,33007,33007,33007,31404,31404,31404,31404,31404,1160.135,1160.135,1160.135,1160.135,1160.135,1158.72,1158.72,1158.72,1158.72,1158.72,1160.135,1160.135,1160.135,1160.135,1160.135,1640.535,1640.535,1640.535,1640.535,1640.535,1161.796,1161.796,1161.796,1161.796,1161.796,1164.541,1164.541,1164.541,1164.541,1164.541
